"","category","subcategory","ID","Description","GeneRatio","BgRatio","RichFactor","FoldEnrichment","zScore","pvalue","p.adjust","qvalue","geneID","Count"
"hsa05202","Human Diseases","Cancer: overview","hsa05202","Transcriptional misregulation in cancer","14/181","130/5665",0.107692307692308,3.37059073523162,4.96731421724177,5.95364065436056e-05,0.00952499617175016,0.00883359065820696,"1027/2313/598/6688/1031/171558/1026/25942/51274/4208/3398/5328/2322/861",14
"hsa04630","Environmental Information Processing","Signal transduction","hsa04630","JAK-STAT signaling pathway","12/181","100/5665",0.12,3.75580110497238,5.05088490504286,7.08178154033469e-05,0.00952499617175016,0.00883359065820696,"598/2688/596/6775/1270/8554/6654/1026/6772/163702/2057/8651",12
"hsa05200","Human Diseases","Cancer: overview","hsa05200","Pathways in cancer","26/181","386/5665",0.0673575129533679,2.10817851315375,4.09712989759539,0.000202081725497449,0.0181199947196046,0.0168046908571563,"4843/1027/2264/598/596/6775/6688/1030/3845/6654/1026/1870/6772/8324/3688/4851/2057/2113/1029/27113/3091/7296/3674/2322/3815/861",26
