"","category","subcategory","ID","Description","GeneRatio","BgRatio","RichFactor","FoldEnrichment","zScore","pvalue","p.adjust","qvalue","geneID","Count"
"hsa04066","Environmental Information Processing","Signal transduction","hsa04066","HIF-1 signaling pathway","14/248","88/5665",0.159090909090909,3.63407258064516,5.32815433831703,2.32078865546703e-05,0.00443664654821906,0.00431222273030896,"5209/2034/7076/3939/5230/6198/2597/1536/1978/7018/226/2023/5211/2026",14
"hsa00010","Metabolism","Carbohydrate metabolism","hsa00010","Glycolysis / Gluconeogenesis","10/248","48/5665",0.208333333333333,4.75890456989247,5.59548520558612,3.23842813738618e-05,0.00443664654821906,0.00431222273030896,"3939/5230/1738/2597/226/2023/5211/2026/5223/5315",10
"hsa01230","Metabolism","Global and overview maps","hsa01230","Biosynthesis of amino acids","11/248","62/5665",0.17741935483871,4.05274453694069,5.17111315534603,6.33543046702214e-05,0.00578635982654688,0.00562408388826877,"5230/4144/8277/2597/226/445/2023/5211/2026/5223/5315",11
"hsa00051","Metabolism","Carbohydrate metabolism","hsa00051","Fructose and mannose metabolism","7/248","30/5665",0.233333333333333,5.32997311827957,5.08752916932262,0.0002424922144242,0.0166107166880577,0.0161448763814007,"5209/5210/5207/5208/3795/226/5211",7
