"","category","subcategory","ID","Description","GeneRatio","BgRatio","RichFactor","FoldEnrichment","zScore","pvalue","p.adjust","qvalue","geneID","Count"
"hsa04012","Environmental Information Processing","Signal transduction","hsa04012","ErbB signaling pathway","9/176","68/5665",0.132352941176471,4.26011029411765,4.84262050775114,0.000223214064205748,0.0389220883179811,0.0331739715828826,"207/5295/208/5605/6464/2932/5058/2002/5335",9
"hsa04722","Organismal Systems","Nervous system","hsa04722","Neurotrophin signaling pathway","11/176","102/5665",0.107843137254902,3.47120098039216,4.50946441685327,0.000290463345656576,0.0389220883179811,0.0331739715828826,"801/207/5295/208/5598/5605/6464/4792/2932/4804/5335",11
