"","category","subcategory","ID","Description","GeneRatio","BgRatio","RichFactor","FoldEnrichment","zScore","pvalue","p.adjust","qvalue","geneID","Count"
"hsa04010","Environmental Information Processing","Signal transduction","hsa04010","MAPK signaling pathway","5/17","220/5665",0.0227272727272727,7.57352941176471,5.45569078732885,0.000356181856429104,0.0426424059577544,0.03072783756758,"4609/836/3725/5607/2064",5
"hsa01524","Human Diseases","Drug resistance: antineoplastic","hsa01524","Platinum drug resistance","3/17","63/5665",0.0476190476190476,15.8683473389356,6.51028737640086,0.000797647847920536,0.0426424059577544,0.03072783756758,"598/836/2064",3
"hsa04012","Environmental Information Processing","Signal transduction","hsa04012","ErbB signaling pathway","3/17","68/5665",0.0441176470588235,14.7015570934256,6.23570364055169,0.000997338357559771,0.0426424059577544,0.03072783756758,"4609/3725/2064",3
"hsa05417","Human Diseases","Cardiovascular disease","hsa05417","Lipid and atherosclerosis","4/17","167/5665",0.0239520958083832,7.98168369144065,5.02405951984764,0.00128381451231807,0.0426424059577544,0.03072783756758,"598/836/3308/3725",4
"hsa05210","Human Diseases","Cancer: specific types","hsa05210","Colorectal cancer","3/17","80/5665",0.0375,12.4963235294118,5.68108282560986,0.00159898159957747,0.0426424059577544,0.03072783756758,"4609/836/3725",3
"hsa05222","Human Diseases","Cancer: specific types","hsa05222","Small cell lung cancer","3/17","82/5665",0.0365853658536585,12.1915351506456,5.60017391512995,0.00171714386407065,0.0426424059577544,0.03072783756758,"4609/598/836",3
"hsa04066","Environmental Information Processing","Signal transduction","hsa04066","HIF-1 signaling pathway","3/17","88/5665",0.0340909090909091,11.3602941176471,5.37343299306747,0.0021041472855719,0.0447882779357447,0.0322741388162908,"5230/2064/2026",3
