"","category","subcategory","ID","Description","GeneRatio","BgRatio","RichFactor","FoldEnrichment","zScore","pvalue","p.adjust","qvalue","geneID","Count"
"hsa05202","Human Diseases","Cancer: overview","hsa05202","Transcriptional misregulation in cancer","6/35","130/5665",0.0461538461538462,7.47032967032967,5.88410914144336,0.000122242219558957,0.017113910738254,0.0156984745117819,"8864/3560/4616/942/3248/598",6
"hsa05330","Human Diseases","Immune disease","hsa05330","Allograft rejection","3/35","26/5665",0.115384615384615,18.6758241758242,7.12207834441375,0.000509685660488329,0.0266454582056313,0.0244416985044137,"3586/959/942",3
"hsa05320","Human Diseases","Immune disease","hsa05320","Autoimmune thyroid disease","3/35","27/5665",0.111111111111111,17.984126984127,6.97435455211338,0.000570974104406386,0.0266454582056313,0.0244416985044137,"3586/959/942",3
