,baseMean,log2FoldChange,lfcSE,stat,pvalue,padj
DAB2IP,24.704795396627,2.0649501284197,0.25049067371976,8.24362080134727,1.67076077775123e-16,1.47160604979881e-12
DUOX2,101.850467063013,7.43320150500959,1.19675663740002,6.2111220215652,5.26076015686361e-10,1.21010531349759e-06
LINC02576,67.9293005461965,3.82223874403548,0.805334494432704,4.74615053801706,2.0732443629141e-06,0.00107575466880705
ACKR2,6.13209797515448,2.52561661239732,0.597921145854453,4.22399614047454,2.40008161013441e-05,0.00553485486870441
IGHV4-4,4.10363154252138,4.70924610839528,1.15157490476354,4.08939625977893,4.32497446207797e-05,0.00854903285337411
THBS1,3.94792574555707,2.53671277911209,0.64363673575798,3.94121814088925,8.10688574937706e-05,0.0133273991071937
RGS2,2504.26885309737,2.18147058670408,0.581234850967543,3.75316549424511,0.00017461549187011,0.022302427900087
RHPN1,95.8625358355273,2.13370219528919,0.607413010074948,3.51276999323067,0.000443461188785846,0.0438298031251656
