"","category","subcategory","ID","Description","GeneRatio","BgRatio","RichFactor","FoldEnrichment","zScore","pvalue","p.adjust","qvalue","geneID","Count"
"hsa04936","Human Diseases","Endocrine and metabolic disease","hsa04936","Alcoholic liver disease","9/88","100/5665",0.09,5.79375,6.07498812203276,2.08657633031455e-05,0.00425661571384168,0.00375583739456619,"31/2194/5465/5562/836/4790/5970/6932/355",9
"hsa04330","Environmental Information Processing","Signal transduction","hsa04330","Notch signaling pathway","6/88","54/5665",0.111111111111111,7.15277777777778,5.70624759085425,0.000168077672220927,0.0171439225665345,0.0151269904998834,"1840/441478/5663/26508/28514/3955",6
