"","category","subcategory","ID","Description","GeneRatio","BgRatio","RichFactor","FoldEnrichment","zScore","pvalue","p.adjust","qvalue","geneID","Count"
"hsa04933","Human Diseases","Endocrine and metabolic disease","hsa04933","AGE-RAGE signaling pathway in diabetic complications","3/13","87/5972",0.0344827586206897,15.840848806366,6.51258871602453,0.000768602303156248,0.0492153077010577,0.0464921935097711,"2308/2335/7040",3
"hsa05200","Human Diseases","Cancer: overview","hsa05200","Pathways in cancer","5/13","414/5972",0.0120772946859903,5.54812337421033,4.48003756325842,0.00126193096669379,0.0492153077010577,0.0464921935097711,"2308/7852/2335/7040/4851",5
